--
-- PostgreSQL database dump
--

\restrict wd71i3SLanKTnx9h9n1HKatrtMlzXW08aqgaQvIt5hRYGpcB1N3kh9bLsfs52An

-- Dumped from database version 18.3
-- Dumped by pg_dump version 18.3

-- Started on 2026-05-08 15:47:26

SET statement_timeout = 0;
SET lock_timeout = 0;
SET idle_in_transaction_session_timeout = 0;
SET transaction_timeout = 0;
SET client_encoding = 'UTF8';
SET standard_conforming_strings = on;
SELECT pg_catalog.set_config('search_path', '', false);
SET check_function_bodies = false;
SET xmloption = content;
SET client_min_messages = warning;
SET row_security = off;

SET default_tablespace = '';

SET default_table_access_method = heap;

--
-- TOC entry 220 (class 1259 OID 16649)
-- Name: leagues; Type: TABLE; Schema: public; Owner: postgres
--

CREATE TABLE public.leagues (
    id bigint NOT NULL,
    sport_id bigint,
    country character varying(255),
    logo_url character varying(255),
    name character varying(255)
);


ALTER TABLE public.leagues OWNER TO postgres;

--
-- TOC entry 219 (class 1259 OID 16648)
-- Name: leagues_id_seq; Type: SEQUENCE; Schema: public; Owner: postgres
--

ALTER TABLE public.leagues ALTER COLUMN id ADD GENERATED BY DEFAULT AS IDENTITY (
    SEQUENCE NAME public.leagues_id_seq
    START WITH 1
    INCREMENT BY 1
    NO MINVALUE
    NO MAXVALUE
    CACHE 1
);


--
-- TOC entry 222 (class 1259 OID 16658)
-- Name: matches; Type: TABLE; Schema: public; Owner: postgres
--

CREATE TABLE public.matches (
    away_score integer,
    home_score integer,
    away_team_id bigint,
    home_team_id bigint,
    id bigint NOT NULL,
    league_id bigint,
    match_date timestamp(6) without time zone,
    status character varying(255)
);


ALTER TABLE public.matches OWNER TO postgres;

--
-- TOC entry 221 (class 1259 OID 16657)
-- Name: matches_id_seq; Type: SEQUENCE; Schema: public; Owner: postgres
--

ALTER TABLE public.matches ALTER COLUMN id ADD GENERATED BY DEFAULT AS IDENTITY (
    SEQUENCE NAME public.matches_id_seq
    START WITH 1
    INCREMENT BY 1
    NO MINVALUE
    NO MAXVALUE
    CACHE 1
);


--
-- TOC entry 224 (class 1259 OID 16665)
-- Name: players; Type: TABLE; Schema: public; Owner: postgres
--

CREATE TABLE public.players (
    age integer,
    id bigint NOT NULL,
    team_id bigint,
    name character varying(255),
    nationality character varying(255),
    photo_url character varying(255),
    "position" character varying(255)
);


ALTER TABLE public.players OWNER TO postgres;

--
-- TOC entry 223 (class 1259 OID 16664)
-- Name: players_id_seq; Type: SEQUENCE; Schema: public; Owner: postgres
--

ALTER TABLE public.players ALTER COLUMN id ADD GENERATED BY DEFAULT AS IDENTITY (
    SEQUENCE NAME public.players_id_seq
    START WITH 1
    INCREMENT BY 1
    NO MINVALUE
    NO MAXVALUE
    CACHE 1
);


--
-- TOC entry 226 (class 1259 OID 16674)
-- Name: sports; Type: TABLE; Schema: public; Owner: postgres
--

CREATE TABLE public.sports (
    id bigint NOT NULL,
    icon_url character varying(255),
    name character varying(255),
    type character varying(255),
    CONSTRAINT sports_type_check CHECK (((type)::text = ANY ((ARRAY['FOOTBALL'::character varying, 'BASKETBALL'::character varying, 'HOCKEY'::character varying, 'TENNIS'::character varying, 'OTHER'::character varying])::text[])))
);


ALTER TABLE public.sports OWNER TO postgres;

--
-- TOC entry 225 (class 1259 OID 16673)
-- Name: sports_id_seq; Type: SEQUENCE; Schema: public; Owner: postgres
--

ALTER TABLE public.sports ALTER COLUMN id ADD GENERATED BY DEFAULT AS IDENTITY (
    SEQUENCE NAME public.sports_id_seq
    START WITH 1
    INCREMENT BY 1
    NO MINVALUE
    NO MAXVALUE
    CACHE 1
);


--
-- TOC entry 228 (class 1259 OID 16683)
-- Name: standings; Type: TABLE; Schema: public; Owner: postgres
--

CREATE TABLE public.standings (
    drawn integer,
    goals_against integer,
    goals_for integer,
    lost integer,
    played integer,
    points integer,
    "position" integer,
    won integer,
    id bigint NOT NULL,
    league_id bigint,
    team_id bigint
);


ALTER TABLE public.standings OWNER TO postgres;

--
-- TOC entry 227 (class 1259 OID 16682)
-- Name: standings_id_seq; Type: SEQUENCE; Schema: public; Owner: postgres
--

ALTER TABLE public.standings ALTER COLUMN id ADD GENERATED BY DEFAULT AS IDENTITY (
    SEQUENCE NAME public.standings_id_seq
    START WITH 1
    INCREMENT BY 1
    NO MINVALUE
    NO MAXVALUE
    CACHE 1
);


--
-- TOC entry 230 (class 1259 OID 16690)
-- Name: teams; Type: TABLE; Schema: public; Owner: postgres
--

CREATE TABLE public.teams (
    id bigint NOT NULL,
    league_id bigint,
    sport_id bigint,
    country character varying(255),
    logo_url character varying(255),
    name character varying(255)
);


ALTER TABLE public.teams OWNER TO postgres;

--
-- TOC entry 229 (class 1259 OID 16689)
-- Name: teams_id_seq; Type: SEQUENCE; Schema: public; Owner: postgres
--

ALTER TABLE public.teams ALTER COLUMN id ADD GENERATED BY DEFAULT AS IDENTITY (
    SEQUENCE NAME public.teams_id_seq
    START WITH 1
    INCREMENT BY 1
    NO MINVALUE
    NO MAXVALUE
    CACHE 1
);


--
-- TOC entry 233 (class 1259 OID 24576)
-- Name: user_favorite_leagues; Type: TABLE; Schema: public; Owner: postgres
--

CREATE TABLE public.user_favorite_leagues (
    user_id bigint NOT NULL,
    league_id bigint NOT NULL
);


ALTER TABLE public.user_favorite_leagues OWNER TO postgres;

--
-- TOC entry 234 (class 1259 OID 24583)
-- Name: user_favorite_teams; Type: TABLE; Schema: public; Owner: postgres
--

CREATE TABLE public.user_favorite_teams (
    user_id bigint NOT NULL,
    team_id bigint NOT NULL
);


ALTER TABLE public.user_favorite_teams OWNER TO postgres;

--
-- TOC entry 232 (class 1259 OID 16745)
-- Name: users; Type: TABLE; Schema: public; Owner: postgres
--

CREATE TABLE public.users (
    id bigint NOT NULL,
    password character varying(255) NOT NULL,
    role character varying(255),
    username character varying(255) NOT NULL,
    email character varying(255),
    created_at timestamp(6) without time zone,
    CONSTRAINT users_role_check CHECK (((role)::text = ANY ((ARRAY['USER'::character varying, 'ADMIN'::character varying])::text[])))
);


ALTER TABLE public.users OWNER TO postgres;

--
-- TOC entry 231 (class 1259 OID 16744)
-- Name: users_id_seq; Type: SEQUENCE; Schema: public; Owner: postgres
--

ALTER TABLE public.users ALTER COLUMN id ADD GENERATED BY DEFAULT AS IDENTITY (
    SEQUENCE NAME public.users_id_seq
    START WITH 1
    INCREMENT BY 1
    NO MINVALUE
    NO MAXVALUE
    CACHE 1
);


--
-- TOC entry 5079 (class 0 OID 16649)
-- Dependencies: 220
-- Data for Name: leagues; Type: TABLE DATA; Schema: public; Owner: postgres
--

COPY public.leagues (id, sport_id, country, logo_url, name) FROM stdin;
3	6	SAD	https://upload.wikimedia.org/wikipedia/en/0/03/National_Basketball_Association_logo.svg	NBA
2	3	England	https://a1.espncdn.com/combiner/i?img=%2Fi%2Fleaguelogos%2Fsoccer%2F500%2F23.png	Premier League
5	3	Spain	https://upload.wikimedia.org/wikipedia/commons/thumb/5/54/LaLiga_EA_Sports_2023_Vertical_Logo.svg/1280px-LaLiga_EA_Sports_2023_Vertical_Logo.svg.png	La Liga
6	6	Europe	https://yt3.googleusercontent.com/SDKEtv224BImqVHSPNVrg22iL4ZGT_eB2spweT6B_0oATgxRsAUNFVgq80wM3yO4hfhMC6uZUQ=s900-c-k-c0x00ffffff-no-rj	Euroleague
4	3	Italy	https://1000logos.net/wp-content/uploads/2019/01/Italian-Serie-A-Logo.png	Serie A
\.


--
-- TOC entry 5081 (class 0 OID 16658)
-- Dependencies: 222
-- Data for Name: matches; Type: TABLE DATA; Schema: public; Owner: postgres
--

COPY public.matches (away_score, home_score, away_team_id, home_team_id, id, league_id, match_date, status) FROM stdin;
0	2	1	2	4	2	2026-03-31 21:00:00	FINISHED
98	103	10	9	6	3	2026-04-17 20:00:00	FINISHED
1	3	2	1	7	2	2026-04-15 17:30:00	FINISHED
0	2	8	65	8	2	2026-04-16 20:00:00	FINISHED
1	1	4	5	9	2	2026-04-17 19:00:00	FINISHED
2	4	67	2	10	2	2026-04-19 17:30:00	FINISHED
1	2	6	8	11	2	2026-04-20 16:00:00	FINISHED
3	1	1	66	12	2	2026-04-21 20:00:00	FINISHED
2	0	5	7	13	2	2026-04-23 19:30:00	FINISHED
2	1	65	67	14	2	2026-04-25 17:00:00	FINISHED
2	2	65	1	15	2	2026-04-28 17:00:00	LIVE
0	0	8	2	16	2	2026-05-02 16:30:00	SCHEDULED
0	0	5	4	17	2	2026-05-03 15:00:00	SCHEDULED
0	0	7	6	18	2	2026-05-04 20:00:00	SCHEDULED
0	0	66	67	19	2	2026-05-05 19:00:00	SCHEDULED
1	2	69	68	20	5	2026-04-12 21:00:00	FINISHED
0	3	71	70	21	5	2026-04-14 19:30:00	FINISHED
2	1	73	72	22	5	2026-04-16 18:00:00	FINISHED
2	2	75	74	23	5	2026-04-18 16:00:00	FINISHED
2	4	70	69	24	5	2026-04-20 21:00:00	FINISHED
1	3	73	68	25	5	2026-04-22 19:00:00	FINISHED
1	1	75	71	26	5	2026-04-24 18:30:00	FINISHED
1	0	74	72	27	5	2026-04-26 16:00:00	FINISHED
0	0	68	69	28	5	2026-05-03 21:00:00	SCHEDULED
0	0	73	70	29	5	2026-05-04 19:30:00	SCHEDULED
0	0	72	75	30	5	2026-05-06 18:00:00	SCHEDULED
2	1	77	76	31	4	2026-04-13 20:45:00	FINISHED
2	2	79	78	32	4	2026-04-15 18:00:00	FINISHED
1	3	81	80	33	4	2026-04-17 20:45:00	FINISHED
0	2	83	82	34	4	2026-04-19 15:00:00	FINISHED
1	1	78	77	35	4	2026-04-21 20:45:00	FINISHED
1	2	80	76	36	4	2026-04-24 18:00:00	FINISHED
0	0	78	79	37	4	2026-05-02 20:45:00	SCHEDULED
0	0	82	81	38	4	2026-05-04 18:00:00	SCHEDULED
0	0	76	83	39	4	2026-05-05 20:45:00	SCHEDULED
98	112	10	9	40	3	2026-04-12 02:00:00	FINISHED
105	118	85	84	41	3	2026-04-14 02:30:00	FINISHED
102	95	87	86	42	3	2026-04-15 23:00:00	FINISHED
115	110	89	88	43	3	2026-04-17 23:30:00	FINISHED
119	124	91	90	44	3	2026-04-19 02:00:00	FINISHED
102	108	84	10	45	3	2026-04-21 23:00:00	FINISHED
110	115	88	9	46	3	2026-04-23 02:30:00	FINISHED
116	112	90	89	47	3	2026-04-25 23:00:00	FINISHED
64	67	86	85	48	3	2026-04-28 02:30:00	LIVE
0	0	9	91	49	3	2026-05-01 02:00:00	SCHEDULED
0	0	10	87	50	3	2026-05-02 23:00:00	SCHEDULED
0	0	90	84	51	3	2026-05-04 02:30:00	SCHEDULED
85	88	93	92	52	6	2026-04-11 20:00:00	FINISHED
82	78	95	94	53	6	2026-04-15 19:00:00	FINISHED
87	91	97	96	54	6	2026-04-19 19:30:00	FINISHED
80	72	99	98	55	6	2026-04-23 18:00:00	FINISHED
0	0	94	93	56	6	2026-05-02 20:00:00	SCHEDULED
0	0	96	95	57	6	2026-05-05 19:30:00	SCHEDULED
0	1	6	100	58	2	2026-04-28 20:00:00	FINISHED
0	0	78	76	59	4	2026-05-15 20:00:00	SCHEDULED
\.


--
-- TOC entry 5083 (class 0 OID 16665)
-- Dependencies: 224
-- Data for Name: players; Type: TABLE DATA; Schema: public; Owner: postgres
--

COPY public.players (age, id, team_id, name, nationality, photo_url, "position") FROM stdin;
22	1	1	Renato Antunović	Bosna i Hercegovina	https://encrypted-tbn0.gstatic.com/images?q=tbn:ANd9GcRxjv1Z4rm7xP3dNmXamkjB3wucFAHGfNxJ9A&s	Odbrana
24	9	2	Bukayo Saka	England	https://cdn-img.zerozero.pt/img/jogadores/new/11/46/641146_bukayo_saka_20251108232710.png	Napad
31	4	1	Ederson	Brazil	https://cdn-img.zerozero.pt/img/jogadores/new/68/85/136885_ederson_moraes_20250618210458.png	Golman
27	36	68	Kylian Mbappe	France	https://cdn3.futbin.com/content/fifa26/img/players/231747.png?fm=png&ixlib=java-2.1.0&verzion=1&w=162&s=b4e5e7f6befbe7fcc72ccfb1fe8e9984	Napad
27	84	9	Austin Reaves	USA	https://cdn.nba.com/headshots/nba/latest/1040x760/1630559.png	Shooting Guard
24	8	2	William Saliba	France	https://encrypted-tbn0.gstatic.com/images?q=tbn:ANd9GcTqYzz2LKOl8cAWk8-mqFdA62RDN9CqjdoXzQ&s	Odbrana
37	39	69	Robert Lewandowski	Poland	https://cdn-img.staticzz.com/img/jogadores/new/10/23/71023_robert_lewandowski_20250929145802.png	Napad
30	7	2	David Raya	Spain	https://cdn-img.zerozero.pt/img/jogadores/new/76/92/397692_david_raya_20240817003044.png	Golman
29	5	1	Rodri	Spain	https://cdn-img.zerozero.pt/img/jogadores/new/13/48/331348_rodri__20251110125120.png	Vezni red
25	6	1	Erling Haaland	Norway	https://cdn-img.staticzz.com/img/jogadores/new/27/41/512741_erling_haaland_20251110124706.png	Napad
29	10	4	Guglielmo Vicario	Italy	https://cdn-img.zerozero.pt/img/jogadores/new/65/97/366597_guglielmo_vicario_20250817104512.png	Golman
29	11	4	James Maddison	England	https://encrypted-tbn0.gstatic.com/images?q=tbn:ANd9GcR0I8LxoptvHRBXygWJXQ2bzYeeHqrO76nb9A&s	Vezni red
33	12	4	Son Heung-min	South Korea	https://cdn-img.zerozero.pt/img/jogadores/new/39/97/153997_son_heung_min_20260224230428.png	Napad
28	13	5	Robert Sanchez	Spain	https://cdn-img.staticzz.com/img/jogadores/new/37/77/483777_robert_sanchez_20250922181346.png	Golman
31	16	6	Daniel Bachmann	Austria	https://cdn-img.staticzz.com/img/jogadores/73/817773_med__20210903214101_daniel_bachmann.png	Golman
28	18	6	Vakoun Bayo	Ivory Coast	https://cdn-img.zerozero.pt/img/jogadores/new/16/21/1241621_alama_bayo_20241026184931.png	Napad
28	20	7	Wilfred Ndidi	Nigeria	https://cdn-img.staticzz.com/img/planteis/new/54/18/7085418_wilfred_ndidi_20260128204114.png	Vezni red
29	22	8	Andre Onana	Cameroon	https://cdn-img.staticzz.com/img/planteis/new/59/14/8765914_andre_onana_20240523111536.png	Golman
28	24	8	Marcus Rashford	England	https://cdn-img.staticzz.com/img/jogadores/new/40/80/434080_marcus_rashford_20250919130019.png	Napad
33	28	66	Nick Pope	England	https://cdn-img.staticzz.com/img/planteis/new/62/93/7006293_nick_pope_20250930054059.png	Golman
26	30	66	Alexander Isak	Sweden	https://cdn-img.zerozero.pt/img/jogadores/new/93/48/509348_alexander_isak_20251204163904.png	Napad
28	32	67	Pau Torres	Spain	https://cdn-img.zerozero.pt/img/jogadores/new/17/59/481759_pau_torres__20240817195109.png	Odbrana
33	34	68	Thibaut Courtois	Belgium	https://cdn-img.staticzz.com/img/jogadores/new/56/28/95628_thibaut_courtois_20260217194143.png	Golman
23	38	69	Pedri	Spain	https://cdn-img.zerozero.pt/img/jogadores/new/96/13/739613_pedri_gonzalez_20251019000639.png	Vezni red
34	41	70	Koke	Spain	https://cdn-img.staticzz.com/img/jogadores/new/37/87/113787_koke_20260414194516.png	Vezni red
39	44	71	Sergio Ramos	Spain	https://cdn-img.zerozero.pt/img/planteis/new/51/35/14335135_sergio_ramos_20250324123439.png	Odbrana
35	43	71	Orjan Nyland	Norway	https://encrypted-tbn0.gstatic.com/images?q=tbn:ANd9GcSAJM1u2AWrnRuJrCLy8_zAJnUBoZlXcGqJ4g&s	Golman
27	47	72	Pepelu	Spain	https://cdn-img.staticzz.com/img/jogadores/new/11/33/411133_pepelu_20260111012950.png	Vezni red
33	50	73	Isco	Spain	https://cdn3.futbin.com/content/fifa24/img/players/197781.png?fm=png&ixlib=java-2.1.0&w=512&s=9a8cad1e15b67d08735ccd8fbe10808e	Vezni red
24	53	74	Alex Baena	Spain	https://cdn3.futbin.com/content/fifa24/img/players/257279.png?fm=png&ixlib=java-2.1.0&w=512&s=1aca5d6f3853d6a26496fa997bdd4feb	Vezni red
25	56	75	Oihan Sancet	Spain	https://cdn3.futbin.com/content/fifa24/img/players/244675.png?fm=png&ixlib=java-2.1.0&w=512&s=3fcae2d491754feaf53050c8b7c694cc	Vezni red
27	59	76	Manuel Locatelli	Italy	https://cdn3.futbin.com/content/fifa25/img/players/222077.png?fm=png&ixlib=java-2.1.0&verzion=2&w=512&s=5ff620c082ade1bbdc282c22a8b5cfcb	Vezni red
36	61	77	Yann Sommer	Switzerland	https://cdn3.futbin.com/content/fifa25/img/players/177683.png?fm=png&ixlib=java-2.1.0&verzion=2&w=512&s=c8d5ce86a3323a24a97db3d984a13f1f	Golman
30	64	78	Mike Maignan	France	https://cdn3.futbin.com/content/fifa25/img/players/215698.png?fm=png&ixlib=java-2.1.0&verzion=2&w=512&s=dc423ef0b2962d9066cd161aab547dcf	Golman
28	67	79	Alex Meret	Italy	https://cdn3.futbin.com/content/fifa26/img/players/225116.png?fm=png&ixlib=java-2.1.0&verzion=1&w=512&s=04ddc49707de4c5ced67f0e47b45a17b	Golman
32	69	79	Romelu Lukaku	Belgium	https://cdn3.futbin.com/content/fifa24/img/players/192505.png?fm=png&ixlib=java-2.1.0&w=147&s=a2cfe512b7ff2ee001efcd0a9cfd5137	Napad
32	72	80	Paulo Dybala	Argentina	https://cdn.futbin.com/content/fifa19/img/players/211110.png?v=23	Napad
31	73	81	Ivan Provedel	Italy	https://cdn.futbin.com/content/fifa19/img/players/224987.png?v=23	Golman
25	76	82	Marco Carnesecchi	Italy	https://cdn.futbin.com/content/fifa20/img/players/252154.png?v=23	Golman
28	78	82	Ademola Lookman	Nigeria	https://cdn3.futbin.com/content/fifa25/img/players/230899.png?fm=png&ixlib=java-2.1.0&verzion=2&w=512&s=aa35177c53523c3b094a273c088e8f61	Napad
28	80	83	Rolando Mandragora	Italy	https://cdn.futbin.com/content/fifa23/img/players/225439.png?v=23	Vezni red
33	27	65	Mohamed Salah	Egypt	https://cdn.futbin.com/content/fifa20/img/players/209331.png?v=23	Napad
29	86	10	Jaylen Brown	USA	\N	Shooting Guard
30	87	10	Kristaps Porzingis	Latvia	\N	Center
35	89	84	Draymond Green	USA	\N	Power Forward
35	90	84	Klay Thompson	USA	\N	Shooting Guard
25	91	85	Coby White	USA	\N	Point Guard
30	92	85	Zach LaVine	USA	\N	Shooting Guard
35	93	85	Nikola Vucevic	Montenegro	\N	Center
26	94	86	Tyler Herro	USA	\N	Shooting Guard
36	95	86	Jimmy Butler	USA	\N	Small Forward
28	96	86	Bam Adebayo	USA	\N	Center
24	97	87	Cam Thomas	USA	\N	Shooting Guard
29	98	87	Mikal Bridges	USA	\N	Small Forward
26	99	87	Nic Claxton	USA	\N	Center
25	100	88	Tyrese Maxey	USA	\N	Point Guard
35	101	88	Paul George	USA	\N	Small Forward
35	103	89	Damian Lillard	USA	\N	Point Guard
34	104	89	Khris Middleton	USA	\N	Small Forward
28	106	90	Jamal Murray	Canada	\N	Point Guard
27	107	90	Michael Porter Jr.	USA	\N	Small Forward
32	111	91	Bradley Beal	USA	\N	Point Guard
38	112	92	Sergio Llull	Spain	\N	Point Guard
30	113	92	Mario Hezonja	Croatia	\N	Small Forward
33	114	92	Walter Tavares	Cape Verde	\N	Center
35	115	93	Nicolas Laprovittola	Argentina	\N	Point Guard
30	116	93	Jabari Parker	USA	\N	Small Forward
32	117	93	Jan Vesely	Czech Republic	\N	Center
35	118	94	Kostas Sloukas	Greece	\N	Point Guard
30	119	94	Sasha Vezenkov	Bulgaria	\N	Small Forward
33	120	94	Moustapha Fall	France	\N	Center
30	121	95	Kendrick Nunn	USA	\N	Point Guard
35	122	95	Kostas Sloukas	Greece	\N	Shooting Guard
30	123	95	Mathias Lessort	France	\N	Center
32	124	96	Scottie Wilbekin	USA	\N	Point Guard
31	125	96	Nigel Hayes	USA	\N	Small Forward
24	126	96	Tarik Biberovic	Bosnia	\N	Shooting Guard
33	127	97	Shane Larkin	Turkey	\N	Point Guard
35	128	97	Will Clyburn	USA	\N	Small Forward
39	129	97	Bryant Dunston	USA	\N	Center
27	130	98	Mikhail Kulagin	Russia	\N	Point Guard
31	131	98	Tony Jekiri	Croatia	\N	Center
36	132	98	Semen Antonov	Russia	\N	Small Forward
27	133	99	Lonnie Walker IV	USA	\N	Shooting Guard
29	134	99	Wade Baldwin IV	USA	\N	Point Guard
28	135	99	Roman Sorkin	Israel	\N	Center
22	35	68	Jude Bellingham	England	https://assets.goal.com/images/v3/blt0b7e7aa2c8c4e8f9/Jude_Bellingham_Real_Madrid.jpg	Vezni red
41	82	9	LeBron James	USA	https://cdn.nba.com/headshots/nba/latest/1040x760/2544.png	Small Forward
37	88	84	Stephen Curry	USA	https://cdn.nba.com/headshots/nba/latest/1040x760/201939.png	Point Guard
31	102	88	Joel Embiid	Cameroon	https://cdn.nba.com/headshots/nba/latest/1040x760/203954.png	Center
31	105	89	Giannis Antetokounmpo	Greece	https://cdn.nba.com/headshots/nba/latest/1040x760/203507.png	Power Forward
30	108	90	Nikola Jokic	Serbia	https://cdn.nba.com/headshots/nba/latest/1040x760/203999.png	Center
27	85	10	Jayson Tatum	USA	https://cdn.nba.com/headshots/nba/latest/1040x760/1628369.png	Small Forward
37	110	91	Kevin Durant	USA	https://cdn.nba.com/headshots/nba/latest/1040x760/201142.png	Small Forward
29	109	91	Devin Booker	USA	https://cdn.nba.com/headshots/nba/latest/1040x760/1626164.png	Shooting Guard
32	83	9	Anthony Davis	USA	https://cdn.nba.com/headshots/nba/latest/1040x760/203076.png	Power Forward
28	136	1	Ruben Dias	Portugal	\N	Odbrana
34	137	1	Kevin De Bruyne	Belgium	\N	Vezni red
25	138	1	Phil Foden	England	\N	Napad
28	139	2	Gabriel Magalhaes	Brazil	\N	Odbrana
27	140	2	Martin Odegaard	Norway	\N	Vezni red
26	141	2	Kai Havertz	Germany	\N	Napad
27	142	4	Cristian Romero	Argentina	\N	Odbrana
25	143	4	Dejan Kulusevski	Sweden	\N	Vezni red
28	144	4	Dominic Solanke	England	\N	Napad
22	145	5	Levi Colwill	England	\N	Odbrana
24	146	5	Enzo Fernandez	Argentina	\N	Vezni red
24	147	5	Nicolas Jackson	Senegal	\N	Napad
31	148	6	Wesley Hoedt	Netherlands	\N	Odbrana
27	149	6	Edo Kayembe	DR Congo	\N	Vezni red
27	150	7	Wout Faes	Belgium	\N	Odbrana
27	151	7	Stephy Mavididi	England	\N	Napad
27	152	8	Lisandro Martinez	Argentina	\N	Odbrana
26	153	8	Mason Mount	England	\N	Vezni red
22	154	8	Rasmus Hojlund	Denmark	\N	Napad
27	155	65	Trent Alexander-Arnold	England	\N	Odbrana
25	156	65	Dominik Szoboszlai	Hungary	\N	Vezni red
26	157	65	Darwin Nunez	Uruguay	\N	Napad
25	158	66	Sven Botman	Netherlands	\N	Odbrana
25	159	66	Sandro Tonali	Italy	\N	Vezni red
24	160	66	Anthony Gordon	England	\N	Napad
28	161	67	Ezri Konsa	England	\N	Odbrana
31	162	67	John McGinn	Scotland	\N	Vezni red
23	163	67	Morgan Rogers	England	\N	Napad
32	164	68	Antonio Rudiger	Germany	\N	Odbrana
27	165	68	Federico Valverde	Uruguay	\N	Vezni red
25	166	68	Vinicius Junior	Brazil	\N	Napad
27	167	69	Jules Kounde	France	\N	Odbrana
28	168	69	Frenkie de Jong	Netherlands	\N	Vezni red
18	169	69	Lamine Yamal	Spain	\N	Napad
30	170	70	Jose Maria Gimenez	Uruguay	\N	Odbrana
25	171	70	Julian Alvarez	Argentina	\N	Napad
25	172	71	Loic Bade	France	\N	Odbrana
31	173	71	Lucas Ocampos	Argentina	\N	Vezni red
21	174	72	Cristhian Mosquera	Spain	\N	Odbrana
23	175	72	Diego Lopez	Spain	\N	Napad
30	176	73	Hector Bellerin	Spain	\N	Odbrana
34	177	73	Cedric Bakambu	DR Congo	\N	Napad
23	178	74	Pau Cabanes	Spain	\N	Odbrana
32	179	74	Ayoze Perez	Spain	\N	Napad
31	180	75	Aymeric Laporte	Spain	\N	Odbrana
23	181	75	Nico Williams	Spain	\N	Napad
28	182	76	Gleison Bremer	Brazil	\N	Odbrana
20	183	76	Kenan Yildiz	Turkey	\N	Napad
26	184	77	Alessandro Bastoni	Italy	\N	Odbrana
28	185	77	Marcus Thuram	France	\N	Napad
31	186	77	Hakan Calhanoglu	Turkey	\N	Vezni red
28	187	78	Fikayo Tomori	England	\N	Odbrana
27	188	78	Christian Pulisic	USA	\N	Napad
31	189	79	Amir Rrahmani	Kosovo	\N	Odbrana
24	190	79	Khvicha Kvaratskhelia	Georgia	\N	Napad
29	191	80	Gianluca Mancini	Italy	\N	Odbrana
28	192	80	Artem Dovbyk	Ukraine	\N	Napad
31	193	81	Alessio Romagnoli	Italy	\N	Odbrana
38	194	81	Pedro	Spain	\N	Napad
32	195	82	Sead Kolasinac	Bosnia	\N	Odbrana
24	196	82	Charles De Ketelaere	Belgium	\N	Napad
26	197	83	Luca Ranieri	Italy	\N	Odbrana
28	198	83	Albert Gudmundsson	Iceland	\N	Napad
29	199	9	D'Angelo Russell	USA	\N	Point Guard
27	200	9	Rui Hachimura	Japan	\N	Power Forward
35	201	10	Jrue Holiday	USA	\N	Point Guard
31	202	10	Derrick White	USA	\N	Shooting Guard
30	203	84	Andrew Wiggins	Canada	\N	Small Forward
23	204	84	Jonathan Kuminga	DR Congo	\N	Power Forward
24	205	85	Patrick Williams	USA	\N	Power Forward
26	206	85	Ayo Dosunmu	USA	\N	Shooting Guard
31	207	86	Terry Rozier	USA	\N	Point Guard
31	208	86	Duncan Robinson	USA	\N	Shooting Guard
32	209	87	Dennis Schroder	Germany	\N	Point Guard
29	210	87	Cameron Johnson	USA	\N	Small Forward
30	211	88	Kelly Oubre Jr.	USA	\N	Small Forward
32	212	88	Andre Drummond	USA	\N	Center
37	213	89	Brook Lopez	USA	\N	Center
30	214	89	Bobby Portis	USA	\N	Power Forward
30	215	90	Aaron Gordon	USA	\N	Power Forward
24	216	90	Christian Braun	USA	\N	Shooting Guard
31	217	91	Jusuf Nurkic	Bosnia	\N	Center
30	218	91	Grayson Allen	USA	\N	Shooting Guard
35	219	92	Facundo Campazzo	Argentina	\N	Point Guard
26	220	92	Dzanan Musa	Bosnia	\N	Small Forward
34	221	93	Tomas Satoransky	Czech Republic	\N	Point Guard
31	222	93	Willy Hernangomez	Spain	\N	Center
31	223	94	Nigel Williams-Goss	USA	\N	Point Guard
30	224	94	Alec Peters	USA	\N	Power Forward
27	225	95	TJ Shorts	USA	\N	Point Guard
30	226	95	Juancho Hernangomez	Spain	\N	Power Forward
30	227	96	Marko Guduric	Serbia	\N	Shooting Guard
30	228	96	Devon Hall	USA	\N	Shooting Guard
32	229	97	Vasilije Micic	Serbia	\N	Point Guard
37	230	97	Rodrigue Beaubois	France	\N	Shooting Guard
39	231	98	Nikita Kurbanov	Russia	\N	Power Forward
38	232	98	Andrey Vorontsevich	Russia	\N	Power Forward
28	233	99	Tamir Blatt	Israel	\N	Point Guard
32	234	99	John DiBartolomeo	Israel	\N	Point Guard
26	14	5	Reece James	England	https://cdn-img.zerozero.pt/img/jogadores/new/71/65/507165_reece_james_20251218141946.png	Odbrana
23	15	5	Cole Palmer	England	https://cdn-img.staticzz.com/img/planteis/new/68/43/11526843_cole_palmer_20240817021024.png	Napad
31	17	6	Wesley Hoedt	Netherlands	https://cdn-img.zerozero.pt/img/jogadores/new/35/46/363546_wesley_hoedt_20251228014447.png	Odbrana
25	19	7	Mads Hermansen	Denmark	https://cdn-img.zerozero.pt/img/jogadores/new/45/38/544538_mads_hermansen_20260114151201.png	Golman
38	21	7	Jamie Vardy	England	https://cdn-img.zerozero.pt/img/planteis/new/62/47/11186247_jamie_vardy_20260128204355.png	Napad
31	23	8	Bruno Fernandes	Portugal	https://cdn-img.staticzz.com/img/jogadores/new/04/88/220488_bruno_fernandes_20250920211905.png	Vezni red
33	25	65	Alisson Becker	Brazil	https://cdn-img.zerozero.pt/img/jogadores/new/56/14/95614_alisson_becker_20250815201322.png	Golman
34	26	65	Virgil van Dijk	Netherlands	https://cdn-img.staticzz.com/img/jogadores/new/45/93/194593_virgil_van_dijk_20251022235737.png	Odbrana
28	29	66	Bruno Guimaraes	Brazil	https://cdn-img.zerozero.pt/img/jogadores/new/34/78/463478_bruno_guimaraes_20251021194446.png	Vezni red
33	31	67	Emiliano Martinez	Argentina	https://cdn-img.zerozero.pt/img/jogadores/new/72/32/97232_emiliano_martinez_20251206122004.png	Golman
33	40	70	Jan Oblak	Slovenia	https://cdn-img.zerozero.pt/img/jogadores/new/24/60/112460_jan_oblak_20250304234151.png	Golman
34	42	70	Antoine Griezmann	France	https://cdn-img.staticzz.com/img/jogadores/new/50/90/115090_antoine_griezmann_20250929150558.png	Napad
28	45	71	Youssef En-Nesyri	Morocco	https://cdn-img.zerozero.pt/img/jogadores/new/53/71/525371_youssef_en_nesyri_20250721014255.png	Napad
31	49	73	Rui Silva	Portugal	https://cdn3.futbin.com/content/fifa24/img/players/210385.png?fm=png&ixlib=java-2.1.0&w=512&s=703be2ae278568ffbb0b72a7b9766a02	Golman
33	54	74	Gerard Moreno	Spain	https://cdn3.futbin.com/content/fifa25/img/players/208093.png?fm=png&ixlib=java-2.1.0&verzion=2&w=512&s=6093c97e686ef629c634f496d3f74e44	Napad
30	74	81	Mattia Zaccagni	Italy	https://cdn3.futbin.com/content/fifa24/img/players/220502.png?fm=png&ixlib=java-2.1.0&w=512&s=d36325ed22b576e444d6c8fc9cf44118	Vezni red
27	77	82	Teun Koopmeiners	Netherlands	https://cdn3.futbin.com/content/fifa25/img/players/240679.png?fm=png&ixlib=java-2.1.0&verzion=2&w=512&s=164b081b376ac3f44a9fcab6bccea55c	Vezni red
35	79	83	Pietro Terracciano	Italy	https://cdn3.futbin.com/content/fifa25/img/players/205812.png?fm=png&ixlib=java-2.1.0&verzion=2&w=512&s=f8f4938a8a3afb612a7a057b300037b8	Golman
30	33	67	Ollie Watkins	England	https://cdn-img.staticzz.com/img/planteis/new/60/96/8726096_ollie_watkins_20240505221305.png	Napad
33	37	69	Marc-Andre ter Stegen	Germany	https://cdn-img.zerozero.pt/img/jogadores/new/49/14/114914_marc_andre_ter_stegen_20260127153119.png	Golman
26	48	72	Hugo Duro	Spain	https://encrypted-tbn0.gstatic.com/images?q=tbn:ANd9GcTdnksHHU2WHiaubCxrDUSeWOBexYeMZcGRlg&s	Napad
43	52	74	Pepe Reina	Spain	https://cdn3.futbin.com/content/fifa24/img/players/24630.png?fm=png&ixlib=java-2.1.0&w=512&s=b0f7f2054c1906c069237ed8de9b6625	Golman
31	57	75	Inaki Williams	Ghana	https://cdn3.futbin.com/content/fifa26/img/players/216201.png?fm=png&ixlib=java-2.1.0&verzion=1&w=512&s=9e4991bbede464613aa5dbb8cf0ee2e5	Napad
28	58	76	Michele Di Gregorio	Italy	https://cdn3.futbin.com/content/fifa25/img/players/235840.png?fm=png&ixlib=java-2.1.0&verzion=2&w=512&s=5b6b6419ff01b210ff9d9aff70fccef9	Golman
28	62	77	Nicolo Barella	Italy	https://cdn3.futbin.com/content/fifa25/img/players/224232.png?fm=png&ixlib=java-2.1.0&verzion=2&w=162&s=73bf501e20fa8bcfe7c377c1e6d7d9ff	Vezni red
28	63	77	Lautaro Martinez	Argentina	https://cdn3.futbin.com/content/fifa25/img/players/231478.png?fm=png&ixlib=java-2.1.0&verzion=2&w=162&s=8d4efe8b585cf4fbb0a5c1b8c1ce5e76	Napad
25	46	72	Giorgi Mamardashvili	Georgia	https://cdn-img.staticzz.com/img/jogadores/new/30/00/533000_giorgi_mamardashvili_20250805115131.png	Golman
20	51	73	Vitor Roque	Brazil	https://cdn.futwiz.com/assets/img/fc25/faces/276589.png	Napad
28	55	75	Unai Simon	Spain	https://cdn3.futbin.com/content/fifa25/img/players/230869.png?fm=png&ixlib=java-2.1.0&verzion=2&w=512&s=99329bd9157b285b4fe6c825cc91006f	Golman
25	60	76	Dusan Vlahovic	Serbia	https://cdn3.futbin.com/content/fifa25/img/players/246430.png?fm=png&ixlib=java-2.1.0&verzion=2&w=512&s=070b34f62f4314a5ee1d2c92f61fde88	Napad
28	65	78	Theo Hernandez	France	https://cdn3.futbin.com/content/fifa26/img/players/232656.png?fm=png&ixlib=java-2.1.0&verzion=1&w=162&s=6c8679cad5015ab0fffa90d4a44869b0	Odbrana
26	66	78	Rafael Leao	Portugal	https://cdn3.futbin.com/content/fifa25/img/players/241721.png?fm=png&ixlib=java-2.1.0&verzion=2&w=512&s=17216f313e58fe8bf4471194d0ab8290	Napad
31	68	79	Stanislav Lobotka	Slovakia	https://cdn.futbin.com/content/fifa23/img/players/216435.png?v=23	Vezni red
26	70	80	Mile Svilar	Serbia	https://cdn3.futbin.com/content/fifa25/img/players/230872.png?fm=png&ixlib=java-2.1.0&verzion=2&w=512&s=c0894e9031acce8a8c36ac3d030b769b	Golman
29	71	80	Lorenzo Pellegrini	Italy	https://cdn3.futbin.com/content/fifa25/img/players/228251.png?fm=png&ixlib=java-2.1.0&verzion=2&w=512&s=ce196f49f04cb6c53cd34367bc8c3c91	Vezni red
27	75	81	Valentin Castellanos	Argentina	https://cdn3.futbin.com/content/fifa25/img/players/237712.png?fm=png&ixlib=java-2.1.0&verzion=2&w=512&s=d0dee4ad8a0b7e2aa18a406365e885d9	Napad
25	81	83	Moise Kean	Italy	https://cdn3.futbin.com/content/fifa26/img/players/236610.png?fm=png&ixlib=java-2.1.0&verzion=1&w=512&s=d715418fa7b883230bcfc43837f79f80	Napad
\.


--
-- TOC entry 5085 (class 0 OID 16674)
-- Dependencies: 226
-- Data for Name: sports; Type: TABLE DATA; Schema: public; Owner: postgres
--

COPY public.sports (id, icon_url, name, type) FROM stdin;
6	https://encrypted-tbn0.gstatic.com/images?q=tbn:ANd9GcRrmJNjHGxuI6w7f8Qtq53HgaCAx1rvXMYb6A&s	Košarka	BASKETBALL
3	https://encrypted-tbn0.gstatic.com/images?q=tbn:ANd9GcRrmJNjHGxuI6w7f8Qtq53HgaCAx1rvXMYb6A&s	Fudbal	FOOTBALL
\.


--
-- TOC entry 5087 (class 0 OID 16683)
-- Dependencies: 228
-- Data for Name: standings; Type: TABLE DATA; Schema: public; Owner: postgres
--

COPY public.standings (drawn, goals_against, goals_for, lost, played, points, "position", won, id, league_id, team_id) FROM stdin;
0	1	4	0	2	6	1	2	465	2	65
0	5	7	1	3	6	2	2	466	2	2
0	4	6	1	3	6	3	2	467	2	1
1	1	3	0	2	4	4	1	468	2	5
0	0	1	0	1	3	5	1	469	2	100
0	3	2	1	2	3	6	1	470	2	8
1	1	1	0	1	1	7	0	471	2	4
0	3	1	1	1	0	8	0	472	2	66
0	3	1	2	2	0	9	0	473	2	6
0	2	0	1	1	0	10	0	474	2	7
0	6	3	2	2	0	11	0	475	2	67
0	306	330	0	3	3	1	3	407	3	9
0	231	240	0	2	2	2	2	408	3	90
0	95	102	0	1	1	3	1	409	3	87
0	213	220	1	2	1	4	1	410	3	84
0	226	227	1	2	1	5	1	411	3	89
0	317	304	2	3	1	6	1	412	3	10
0	118	105	1	1	0	7	0	413	3	85
0	102	95	1	1	0	8	0	414	3	86
0	230	220	2	2	0	9	0	415	3	88
0	124	119	1	1	0	10	0	416	3	91
0	87	91	0	1	1	1	1	457	6	96
0	72	80	0	1	1	2	1	458	6	99
0	85	88	0	1	1	3	1	459	6	92
0	78	82	0	1	1	4	1	460	6	95
0	91	87	1	1	0	5	0	461	6	97
0	80	72	1	1	0	6	0	462	6	98
0	88	85	1	1	0	7	0	463	6	93
0	82	78	1	1	0	8	0	464	6	94
0	2	5	0	2	6	1	2	217	5	68
1	2	3	0	2	4	2	1	218	5	74
0	4	5	1	2	3	3	1	219	5	69
0	4	5	1	2	3	4	1	220	5	70
0	4	3	1	2	3	5	1	221	5	73
2	3	3	0	2	2	6	0	222	5	75
1	4	1	1	2	1	7	0	223	5	71
0	3	1	2	2	0	8	0	224	5	72
1	2	3	0	2	4	1	1	476	4	77
0	0	2	0	1	3	2	1	477	4	82
0	3	4	1	2	3	3	1	478	4	80
0	3	3	1	2	3	4	1	479	4	76
2	3	3	0	2	2	5	0	480	4	78
1	2	2	0	1	1	6	0	481	4	79
0	3	1	1	1	0	7	0	482	4	81
0	2	0	1	1	0	8	0	483	4	83
\.


--
-- TOC entry 5089 (class 0 OID 16690)
-- Dependencies: 230
-- Data for Name: teams; Type: TABLE DATA; Schema: public; Owner: postgres
--

COPY public.teams (id, league_id, sport_id, country, logo_url, name) FROM stdin;
100	2	3	England	https://upload.wikimedia.org/wikipedia/en/thumb/e/e5/Nottingham_Forest_F.C._logo.svg/960px-Nottingham_Forest_F.C._logo.svg.png	Nottingham Forest
92	6	6	Spain	https://upload.wikimedia.org/wikipedia/en/b/be/Real_Madrid_Baloncesto.png	Real Madrid Baloncesto
2	2	3	England	https://upload.wikimedia.org/wikipedia/en/5/53/Arsenal_FC.svg	Arsenal
1	2	3	England	https://upload.wikimedia.org/wikipedia/en/thumb/e/eb/Manchester_City_FC_badge.svg/1280px-Manchester_City_FC_badge.svg.png	Manchester City
4	2	3	England	https://tmssl.akamaized.net//images/wappen/big/148.png?lm=1732011953	Tottenham
5	2	3	England	https://upload.wikimedia.org/wikipedia/en/thumb/c/cc/Chelsea_FC.svg/250px-Chelsea_FC.svg.png	Chelsea
6	2	3	England	https://upload.wikimedia.org/wikipedia/en/e/e2/Watford.svg	Watford
7	2	3	England	https://upload.wikimedia.org/wikipedia/en/thumb/2/2d/Leicester_City_crest.svg/1280px-Leicester_City_crest.svg.png	Leicester City
8	2	3	England	https://upload.wikimedia.org/wikipedia/hr/thumb/7/7a/Manchester_United_FC_crest.svg/1280px-Manchester_United_FC_crest.svg.png	Manchester United
9	3	6	USA	https://upload.wikimedia.org/wikipedia/commons/thumb/3/3c/Los_Angeles_Lakers_logo.svg/1280px-Los_Angeles_Lakers_logo.svg.png	Los Angeles Lakers
10	3	6	USA	https://upload.wikimedia.org/wikipedia/en/8/8f/Boston_Celtics.svg	Boston Celtics
93	6	6	Spain	https://upload.wikimedia.org/wikipedia/en/thumb/4/47/FC_Barcelona_%28crest%29.svg/1280px-FC_Barcelona_%28crest%29.svg.png	FC Barcelona Bàsquet
94	6	6	Greece	https://upload.wikimedia.org/wikipedia/en/thumb/7/7f/Olympiacos_BC_logo.svg/1280px-Olympiacos_BC_logo.svg.png	Olympiacos
96	6	6	Turkey	https://upload.wikimedia.org/wikipedia/en/thumb/0/0b/Fenerbah%C3%A7e_Men%27s_Basketball_logo.svg/1280px-Fenerbah%C3%A7e_Men%27s_Basketball_logo.svg.png	Fenerbahce
97	6	6	Turkey	https://upload.wikimedia.org/wikipedia/en/thumb/7/74/Anadolu_Efes_SK_logo.svg/960px-Anadolu_Efes_SK_logo.svg.png	Anadolu Efes
95	6	6	Greece	https://upload.wikimedia.org/wikipedia/en/thumb/1/18/Panathinaikos_BC_logo.svg/1280px-Panathinaikos_BC_logo.svg.png	Panathinaikos
98	6	6	Russia	https://upload.wikimedia.org/wikipedia/en/thumb/7/7e/PBC_CSKA_Moscow_logo.svg/960px-PBC_CSKA_Moscow_logo.svg.png	CSKA Moscow
99	6	6	Israel	https://upload.wikimedia.org/wikipedia/en/6/6b/Maccabi_Tel_Aviv_BC_logo.svg	Maccabi Tel Aviv
65	2	3	England	https://upload.wikimedia.org/wikipedia/en/0/0c/Liverpool_FC.svg	Liverpool
66	2	3	England	https://upload.wikimedia.org/wikipedia/en/5/56/Newcastle_United_Logo.svg	Newcastle United
83	4	3	Italy	https://upload.wikimedia.org/wikipedia/commons/thumb/8/8c/ACF_Fiorentina_-_logo_%28Italy%2C_2022%29.svg/1280px-ACF_Fiorentina_-_logo_%28Italy%2C_2022%29.svg.png	Fiorentina
67	2	3	England	https://upload.wikimedia.org/wikipedia/hr/thumb/9/9a/Aston_Villa_FC_new_crest.svg/960px-Aston_Villa_FC_new_crest.svg.png	Aston Villa
70	5	3	Spain	https://b.fssta.com/uploads/application/soccer/team-logos/atletico-madrid.png	Atletico Madrid
76	4	3	Italy	https://upload.wikimedia.org/wikipedia/commons/e/ed/Juventus_FC_-_logo_black_%28Italy%2C_2020%29.svg	Juventus
74	5	3	Spain	https://encrypted-tbn0.gstatic.com/images?q=tbn:ANd9GcQ2SmCIhpqHhRH5EKVCNgGeESpv5lduDk_dNA&s	Villarreal
68	5	3	Spain	https://upload.wikimedia.org/wikipedia/en/5/56/Real_Madrid_CF.svg	Real Madrid
69	5	3	Spain	https://upload.wikimedia.org/wikipedia/en/4/47/FC_Barcelona_%28crest%29.svg	Barcelona
71	5	3	Spain	https://upload.wikimedia.org/wikipedia/en/3/3b/Sevilla_FC_logo.svg	Sevilla
72	5	3	Spain	https://upload.wikimedia.org/wikipedia/en/c/ce/Valenciacf.svg	Valencia
73	5	3	Spain	https://upload.wikimedia.org/wikipedia/en/1/13/Real_betis_logo.svg	Real Betis
75	5	3	Spain	https://upload.wikimedia.org/wikipedia/en/9/98/Club_Athletic_Bilbao_logo.svg	Athletic Bilbao
77	4	3	Italy	https://upload.wikimedia.org/wikipedia/commons/0/05/FC_Internazionale_Milano_2021.svg	Inter Milan
78	4	3	Italy	https://upload.wikimedia.org/wikipedia/commons/d/d0/Logo_of_AC_Milan.svg	AC Milan
79	4	3	Italy	https://upload.wikimedia.org/wikipedia/commons/2/2d/SSC_Neapel.svg	Napoli
80	4	3	Italy	https://upload.wikimedia.org/wikipedia/en/f/f7/AS_Roma_logo_%282017%29.svg	AS Roma
81	4	3	Italy	https://upload.wikimedia.org/wikipedia/en/c/ce/S.S._Lazio_badge.svg	Lazio
82	4	3	Italy	https://upload.wikimedia.org/wikipedia/en/6/66/AtalantaBC.svg	Atalanta
84	3	6	USA	https://upload.wikimedia.org/wikipedia/en/0/01/Golden_State_Warriors_logo.svg	Golden State Warriors
85	3	6	USA	https://upload.wikimedia.org/wikipedia/en/6/67/Chicago_Bulls_logo.svg	Chicago Bulls
86	3	6	USA	https://upload.wikimedia.org/wikipedia/en/f/fb/Miami_Heat_logo.svg	Miami Heat
87	3	6	USA	https://upload.wikimedia.org/wikipedia/commons/4/44/Brooklyn_Nets_newlogo.svg	Brooklyn Nets
88	3	6	USA	https://upload.wikimedia.org/wikipedia/en/0/0e/Philadelphia_76ers_logo.svg	Philadelphia 76ers
89	3	6	USA	https://upload.wikimedia.org/wikipedia/en/4/4a/Milwaukee_Bucks_logo.svg	Milwaukee Bucks
90	3	6	USA	https://upload.wikimedia.org/wikipedia/en/7/76/Denver_Nuggets.svg	Denver Nuggets
91	3	6	USA	https://upload.wikimedia.org/wikipedia/en/d/dc/Phoenix_Suns_logo.svg	Phoenix Suns
\.


--
-- TOC entry 5092 (class 0 OID 24576)
-- Dependencies: 233
-- Data for Name: user_favorite_leagues; Type: TABLE DATA; Schema: public; Owner: postgres
--

COPY public.user_favorite_leagues (user_id, league_id) FROM stdin;
5	2
\.


--
-- TOC entry 5093 (class 0 OID 24583)
-- Dependencies: 234
-- Data for Name: user_favorite_teams; Type: TABLE DATA; Schema: public; Owner: postgres
--

COPY public.user_favorite_teams (user_id, team_id) FROM stdin;
3	1
5	1
7	2
\.


--
-- TOC entry 5091 (class 0 OID 16745)
-- Dependencies: 232
-- Data for Name: users; Type: TABLE DATA; Schema: public; Owner: postgres
--

COPY public.users (id, password, role, username, email, created_at) FROM stdin;
1	$2a$10$RdR0qYW7tgXdcNyjNXSLEO7w/AbXoEN3kqtC2i6BjmFyX6pjisBiW	ADMIN	renato	renato@gmail.com	\N
2	$2a$10$Jg4akHGqaFe8xUGIA9TJ1.U4kTF0FVEwznSPWVVvCsPNzkM3OARDO	USER	test1	test1@gmail.com	\N
3	$2a$10$G/bpGEX6DwMjXby2arolzuHF5aHVvvuN5RXCQE1WByhR1xyopwk/K	USER	Renato	test3@gmail.com	\N
4	$2a$10$d9OTGZXFqz89YrzBoHB1AefUSRXjMT4f2wWfEMIoHg9GCnr2IjTUO	USER	Testiramo	test@gmail.com	2026-04-27 16:25:23.528474
5	$2a$10$NuVWLsD/98qLNQkQSvl3uOgbmRqMsY8YGYRuzsfw4nj8wkWz3NCa2	USER	RenatoTest	renatotest@gmail.com	2026-04-27 16:26:18.666276
6	$2a$10$5gmWx79mM1vW/ZmWLFob2evheKqAXeJ5TFl3qb32Q7GNRr/i2HysG	USER	renoooooo	test0000@gmail.com	2026-04-29 00:59:43.240208
7	$2a$10$QlmVFVlRYCqzsMKkbEhD4.Q2TA8Wd0xqvp6or9G3ln53QQ5orbso2	USER	zrinka	zrinkamama@gmail.com	2026-05-05 18:09:34.550674
\.


--
-- TOC entry 5099 (class 0 OID 0)
-- Dependencies: 219
-- Name: leagues_id_seq; Type: SEQUENCE SET; Schema: public; Owner: postgres
--

SELECT pg_catalog.setval('public.leagues_id_seq', 6, true);


--
-- TOC entry 5100 (class 0 OID 0)
-- Dependencies: 221
-- Name: matches_id_seq; Type: SEQUENCE SET; Schema: public; Owner: postgres
--

SELECT pg_catalog.setval('public.matches_id_seq', 59, true);


--
-- TOC entry 5101 (class 0 OID 0)
-- Dependencies: 223
-- Name: players_id_seq; Type: SEQUENCE SET; Schema: public; Owner: postgres
--

SELECT pg_catalog.setval('public.players_id_seq', 234, true);


--
-- TOC entry 5102 (class 0 OID 0)
-- Dependencies: 225
-- Name: sports_id_seq; Type: SEQUENCE SET; Schema: public; Owner: postgres
--

SELECT pg_catalog.setval('public.sports_id_seq', 6, true);


--
-- TOC entry 5103 (class 0 OID 0)
-- Dependencies: 227
-- Name: standings_id_seq; Type: SEQUENCE SET; Schema: public; Owner: postgres
--

SELECT pg_catalog.setval('public.standings_id_seq', 483, true);


--
-- TOC entry 5104 (class 0 OID 0)
-- Dependencies: 229
-- Name: teams_id_seq; Type: SEQUENCE SET; Schema: public; Owner: postgres
--

SELECT pg_catalog.setval('public.teams_id_seq', 100, true);


--
-- TOC entry 5105 (class 0 OID 0)
-- Dependencies: 231
-- Name: users_id_seq; Type: SEQUENCE SET; Schema: public; Owner: postgres
--

SELECT pg_catalog.setval('public.users_id_seq', 7, true);


--
-- TOC entry 4897 (class 2606 OID 16656)
-- Name: leagues leagues_pkey; Type: CONSTRAINT; Schema: public; Owner: postgres
--

ALTER TABLE ONLY public.leagues
    ADD CONSTRAINT leagues_pkey PRIMARY KEY (id);


--
-- TOC entry 4899 (class 2606 OID 16663)
-- Name: matches matches_pkey; Type: CONSTRAINT; Schema: public; Owner: postgres
--

ALTER TABLE ONLY public.matches
    ADD CONSTRAINT matches_pkey PRIMARY KEY (id);


--
-- TOC entry 4901 (class 2606 OID 16672)
-- Name: players players_pkey; Type: CONSTRAINT; Schema: public; Owner: postgres
--

ALTER TABLE ONLY public.players
    ADD CONSTRAINT players_pkey PRIMARY KEY (id);


--
-- TOC entry 4903 (class 2606 OID 16681)
-- Name: sports sports_pkey; Type: CONSTRAINT; Schema: public; Owner: postgres
--

ALTER TABLE ONLY public.sports
    ADD CONSTRAINT sports_pkey PRIMARY KEY (id);


--
-- TOC entry 4905 (class 2606 OID 16688)
-- Name: standings standings_pkey; Type: CONSTRAINT; Schema: public; Owner: postgres
--

ALTER TABLE ONLY public.standings
    ADD CONSTRAINT standings_pkey PRIMARY KEY (id);


--
-- TOC entry 4907 (class 2606 OID 16697)
-- Name: teams teams_pkey; Type: CONSTRAINT; Schema: public; Owner: postgres
--

ALTER TABLE ONLY public.teams
    ADD CONSTRAINT teams_pkey PRIMARY KEY (id);


--
-- TOC entry 4909 (class 2606 OID 16759)
-- Name: users uk6dotkott2kjsp8vw4d0m25fb7; Type: CONSTRAINT; Schema: public; Owner: postgres
--

ALTER TABLE ONLY public.users
    ADD CONSTRAINT uk6dotkott2kjsp8vw4d0m25fb7 UNIQUE (email);


--
-- TOC entry 4911 (class 2606 OID 16757)
-- Name: users ukr43af9ap4edm43mmtq01oddj6; Type: CONSTRAINT; Schema: public; Owner: postgres
--

ALTER TABLE ONLY public.users
    ADD CONSTRAINT ukr43af9ap4edm43mmtq01oddj6 UNIQUE (username);


--
-- TOC entry 4915 (class 2606 OID 24582)
-- Name: user_favorite_leagues user_favorite_leagues_pkey; Type: CONSTRAINT; Schema: public; Owner: postgres
--

ALTER TABLE ONLY public.user_favorite_leagues
    ADD CONSTRAINT user_favorite_leagues_pkey PRIMARY KEY (user_id, league_id);


--
-- TOC entry 4917 (class 2606 OID 24589)
-- Name: user_favorite_teams user_favorite_teams_pkey; Type: CONSTRAINT; Schema: public; Owner: postgres
--

ALTER TABLE ONLY public.user_favorite_teams
    ADD CONSTRAINT user_favorite_teams_pkey PRIMARY KEY (user_id, team_id);


--
-- TOC entry 4913 (class 2606 OID 16755)
-- Name: users users_pkey; Type: CONSTRAINT; Schema: public; Owner: postgres
--

ALTER TABLE ONLY public.users
    ADD CONSTRAINT users_pkey PRIMARY KEY (id);


--
-- TOC entry 4923 (class 2606 OID 16723)
-- Name: standings fk217ktb84uap33fcwbik9i0qtm; Type: FK CONSTRAINT; Schema: public; Owner: postgres
--

ALTER TABLE ONLY public.standings
    ADD CONSTRAINT fk217ktb84uap33fcwbik9i0qtm FOREIGN KEY (league_id) REFERENCES public.leagues(id);


--
-- TOC entry 4919 (class 2606 OID 16713)
-- Name: matches fk23dnop04r2pfj2wvo21vakpph; Type: FK CONSTRAINT; Schema: public; Owner: postgres
--

ALTER TABLE ONLY public.matches
    ADD CONSTRAINT fk23dnop04r2pfj2wvo21vakpph FOREIGN KEY (league_id) REFERENCES public.leagues(id);


--
-- TOC entry 4920 (class 2606 OID 16703)
-- Name: matches fk2e8erbfecb0tjtq9iudg36bxu; Type: FK CONSTRAINT; Schema: public; Owner: postgres
--

ALTER TABLE ONLY public.matches
    ADD CONSTRAINT fk2e8erbfecb0tjtq9iudg36bxu FOREIGN KEY (away_team_id) REFERENCES public.teams(id);


--
-- TOC entry 4922 (class 2606 OID 16718)
-- Name: players fk5nglidr00c4dyybl171v6kask; Type: FK CONSTRAINT; Schema: public; Owner: postgres
--

ALTER TABLE ONLY public.players
    ADD CONSTRAINT fk5nglidr00c4dyybl171v6kask FOREIGN KEY (team_id) REFERENCES public.teams(id);


--
-- TOC entry 4924 (class 2606 OID 16728)
-- Name: standings fk6ak9f4ieqoq2bam5sjt9us7e; Type: FK CONSTRAINT; Schema: public; Owner: postgres
--

ALTER TABLE ONLY public.standings
    ADD CONSTRAINT fk6ak9f4ieqoq2bam5sjt9us7e FOREIGN KEY (team_id) REFERENCES public.teams(id);


--
-- TOC entry 4927 (class 2606 OID 24590)
-- Name: user_favorite_leagues fk6ssqdgvbphera8wi68a11k37v; Type: FK CONSTRAINT; Schema: public; Owner: postgres
--

ALTER TABLE ONLY public.user_favorite_leagues
    ADD CONSTRAINT fk6ssqdgvbphera8wi68a11k37v FOREIGN KEY (league_id) REFERENCES public.leagues(id);


--
-- TOC entry 4929 (class 2606 OID 24600)
-- Name: user_favorite_teams fk6xm8srxaki475mkmc1xf5x0rs; Type: FK CONSTRAINT; Schema: public; Owner: postgres
--

ALTER TABLE ONLY public.user_favorite_teams
    ADD CONSTRAINT fk6xm8srxaki475mkmc1xf5x0rs FOREIGN KEY (team_id) REFERENCES public.teams(id);


--
-- TOC entry 4921 (class 2606 OID 16708)
-- Name: matches fk8k68nekawp47js52dq8720voe; Type: FK CONSTRAINT; Schema: public; Owner: postgres
--

ALTER TABLE ONLY public.matches
    ADD CONSTRAINT fk8k68nekawp47js52dq8720voe FOREIGN KEY (home_team_id) REFERENCES public.teams(id);


--
-- TOC entry 4925 (class 2606 OID 16738)
-- Name: teams fkc2kpkonbxgprdwilacrp2tkp8; Type: FK CONSTRAINT; Schema: public; Owner: postgres
--

ALTER TABLE ONLY public.teams
    ADD CONSTRAINT fkc2kpkonbxgprdwilacrp2tkp8 FOREIGN KEY (sport_id) REFERENCES public.sports(id);


--
-- TOC entry 4926 (class 2606 OID 16733)
-- Name: teams fkcmnrlwu7alyse9s3x5tgvxyqj; Type: FK CONSTRAINT; Schema: public; Owner: postgres
--

ALTER TABLE ONLY public.teams
    ADD CONSTRAINT fkcmnrlwu7alyse9s3x5tgvxyqj FOREIGN KEY (league_id) REFERENCES public.leagues(id);


--
-- TOC entry 4930 (class 2606 OID 24605)
-- Name: user_favorite_teams fkjoo8tyvsovr6ttg4ulr7gbx94; Type: FK CONSTRAINT; Schema: public; Owner: postgres
--

ALTER TABLE ONLY public.user_favorite_teams
    ADD CONSTRAINT fkjoo8tyvsovr6ttg4ulr7gbx94 FOREIGN KEY (user_id) REFERENCES public.users(id);


--
-- TOC entry 4918 (class 2606 OID 16698)
-- Name: leagues fkoouu1nrr35saa4g9wdl06f62i; Type: FK CONSTRAINT; Schema: public; Owner: postgres
--

ALTER TABLE ONLY public.leagues
    ADD CONSTRAINT fkoouu1nrr35saa4g9wdl06f62i FOREIGN KEY (sport_id) REFERENCES public.sports(id);


--
-- TOC entry 4928 (class 2606 OID 24595)
-- Name: user_favorite_leagues fkt28x7ypgiptmrx17bdgms24it; Type: FK CONSTRAINT; Schema: public; Owner: postgres
--

ALTER TABLE ONLY public.user_favorite_leagues
    ADD CONSTRAINT fkt28x7ypgiptmrx17bdgms24it FOREIGN KEY (user_id) REFERENCES public.users(id);


-- Completed on 2026-05-08 15:47:27

--
-- PostgreSQL database dump complete
--

\unrestrict wd71i3SLanKTnx9h9n1HKatrtMlzXW08aqgaQvIt5hRYGpcB1N3kh9bLsfs52An

